"LOCATION","INDICATOR","SUBJECT","MEASURE","FREQUENCY","TIME","Value","Flag Codes"
"AUS","DOCCONSULT","TOT","CAP","A","1960",2.7,
"AUS","DOCCONSULT","TOT","CAP","A","1961",2.8,
"AUS","DOCCONSULT","TOT","CAP","A","1962",2.9,
"AUS","DOCCONSULT","TOT","CAP","A","1963",2.9,
"AUS","DOCCONSULT","TOT","CAP","A","1964",2.9,
"AUS","DOCCONSULT","TOT","CAP","A","1965",2.8,
"AUS","DOCCONSULT","TOT","CAP","A","1966",2.8,
"AUS","DOCCONSULT","TOT","CAP","A","1967",2.9,
"AUS","DOCCONSULT","TOT","CAP","A","1968",3,
"AUS","DOCCONSULT","TOT","CAP","A","1969",3.2,
"AUS","DOCCONSULT","TOT","CAP","A","1970",3.1,
"AUS","DOCCONSULT","TOT","CAP","A","1971",3.3,
"AUS","DOCCONSULT","TOT","CAP","A","1972",3.3,
"AUS","DOCCONSULT","TOT","CAP","A","1973",3.3,
"AUS","DOCCONSULT","TOT","CAP","A","1974",3.4,
"AUS","DOCCONSULT","TOT","CAP","A","1975",3.6,
"AUS","DOCCONSULT","TOT","CAP","A","1976",3.6,
"AUS","DOCCONSULT","TOT","CAP","A","1977",3.7,
"AUS","DOCCONSULT","TOT","CAP","A","1978",3.8,
"AUS","DOCCONSULT","TOT","CAP","A","1979",3.9,
"AUS","DOCCONSULT","TOT","CAP","A","1980",4,
"AUS","DOCCONSULT","TOT","CAP","A","1981",4.5,
"AUS","DOCCONSULT","TOT","CAP","A","1982",4.5,
"AUS","DOCCONSULT","TOT","CAP","A","1983",5,
"AUS","DOCCONSULT","TOT","CAP","A","1984",5.1,
"AUS","DOCCONSULT","TOT","CAP","A","1985",5.4,
"AUS","DOCCONSULT","TOT","CAP","A","1986",5.5,
"AUS","DOCCONSULT","TOT","CAP","A","1987",5.7,
"AUS","DOCCONSULT","TOT","CAP","A","1988",5.9,
"AUS","DOCCONSULT","TOT","CAP","A","1989",6.2,
"AUS","DOCCONSULT","TOT","CAP","A","1990",6.1,
"AUS","DOCCONSULT","TOT","CAP","A","1991",6.3,
"AUS","DOCCONSULT","TOT","CAP","A","1992",6.6,
"AUS","DOCCONSULT","TOT","CAP","A","1993",6.8,
"AUS","DOCCONSULT","TOT","CAP","A","1994",6.5,
"AUS","DOCCONSULT","TOT","CAP","A","1995",6.7,
"AUS","DOCCONSULT","TOT","CAP","A","1996",6.8,
"AUS","DOCCONSULT","TOT","CAP","A","1997",6.7,
"AUS","DOCCONSULT","TOT","CAP","A","1998",6.7,
"AUS","DOCCONSULT","TOT","CAP","A","1999",6.6,
"AUS","DOCCONSULT","TOT","CAP","A","2000",6.4,
"AUS","DOCCONSULT","TOT","CAP","A","2001",6.4,
"AUS","DOCCONSULT","TOT","CAP","A","2002",6.3,
"AUS","DOCCONSULT","TOT","CAP","A","2003",5.7,"B"
"AUS","DOCCONSULT","TOT","CAP","A","2004",5.7,
"AUS","DOCCONSULT","TOT","CAP","A","2005",5.8,
"AUS","DOCCONSULT","TOT","CAP","A","2006",5.9,
"AUS","DOCCONSULT","TOT","CAP","A","2007",6,
"AUS","DOCCONSULT","TOT","CAP","A","2008",6.3,
"AUS","DOCCONSULT","TOT","CAP","A","2009",6.3,
"AUS","DOCCONSULT","TOT","CAP","A","2010",6.5,
"AUS","DOCCONSULT","TOT","CAP","A","2011",6.5,
"AUS","DOCCONSULT","TOT","CAP","A","2012",6.5,
"AUS","DOCCONSULT","TOT","CAP","A","2013",6.5,
"AUS","DOCCONSULT","TOT","CAP","A","2014",6.7,
"AUS","DOCCONSULT","TOT","CAP","A","2015",6.8,
"AUS","DOCCONSULT","TOT","CAP","A","2016",7,
"AUS","DOCCONSULT","TOT","CAP","A","2017",7.1,
"AUS","DOCCONSULT","TOT","CAP","A","2018",7.3,
"AUS","DOCCONSULT","TOT","CAP","A","2019",7.3,
"AUS","DOCCONSULT","TOT","CAP","A","2020",6.8,
"AUS","DOCCONSULT","TOT","CAP","A","2021",6.1,
"AUT","DOCCONSULT","TOT","CAP","A","1960",4.3,
"AUT","DOCCONSULT","TOT","CAP","A","1961",4.5,
"AUT","DOCCONSULT","TOT","CAP","A","1962",4.4,
"AUT","DOCCONSULT","TOT","CAP","A","1963",4.7,
"AUT","DOCCONSULT","TOT","CAP","A","1964",4.8,
"AUT","DOCCONSULT","TOT","CAP","A","1965",4.9,
"AUT","DOCCONSULT","TOT","CAP","A","1966",4.9,
"AUT","DOCCONSULT","TOT","CAP","A","1967",5,
"AUT","DOCCONSULT","TOT","CAP","A","1968",5,
"AUT","DOCCONSULT","TOT","CAP","A","1969",5.2,
"AUT","DOCCONSULT","TOT","CAP","A","1970",5.2,
"AUT","DOCCONSULT","TOT","CAP","A","1971",5.2,
"AUT","DOCCONSULT","TOT","CAP","A","1972",5.2,
"AUT","DOCCONSULT","TOT","CAP","A","1973",5.1,
"AUT","DOCCONSULT","TOT","CAP","A","1974",5.2,
"AUT","DOCCONSULT","TOT","CAP","A","1975",5.3,
"AUT","DOCCONSULT","TOT","CAP","A","1976",5.4,
"AUT","DOCCONSULT","TOT","CAP","A","1977",5.3,
"AUT","DOCCONSULT","TOT","CAP","A","1978",5.3,
"AUT","DOCCONSULT","TOT","CAP","A","1979",5.3,
"AUT","DOCCONSULT","TOT","CAP","A","1980",5.4,
"AUT","DOCCONSULT","TOT","CAP","A","1981",5.4,
"AUT","DOCCONSULT","TOT","CAP","A","1982",5.3,
"AUT","DOCCONSULT","TOT","CAP","A","1983",5.4,
"AUT","DOCCONSULT","TOT","CAP","A","1984",5.4,
"AUT","DOCCONSULT","TOT","CAP","A","1985",5.5,
"AUT","DOCCONSULT","TOT","CAP","A","1986",5.5,
"AUT","DOCCONSULT","TOT","CAP","A","1987",5.6,
"AUT","DOCCONSULT","TOT","CAP","A","1988",5.8,
"AUT","DOCCONSULT","TOT","CAP","A","1989",5.8,
"AUT","DOCCONSULT","TOT","CAP","A","1990",5.9,
"AUT","DOCCONSULT","TOT","CAP","A","1991",5.9,
"AUT","DOCCONSULT","TOT","CAP","A","1992",6,
"AUT","DOCCONSULT","TOT","CAP","A","1993",6.1,
"AUT","DOCCONSULT","TOT","CAP","A","1994",6.2,
"AUT","DOCCONSULT","TOT","CAP","A","1995",6.3,
"AUT","DOCCONSULT","TOT","CAP","A","1996",6.3,
"AUT","DOCCONSULT","TOT","CAP","A","1997",6.2,
"AUT","DOCCONSULT","TOT","CAP","A","1998",6.5,
"AUT","DOCCONSULT","TOT","CAP","A","1999",6.7,
"AUT","DOCCONSULT","TOT","CAP","A","2000",6.7,
"AUT","DOCCONSULT","TOT","CAP","A","2001",6.7,
"AUT","DOCCONSULT","TOT","CAP","A","2002",6.7,
"AUT","DOCCONSULT","TOT","CAP","A","2003",6.7,
"AUT","DOCCONSULT","TOT","CAP","A","2004",6.7,
"AUT","DOCCONSULT","TOT","CAP","A","2005",6.7,
"AUT","DOCCONSULT","TOT","CAP","A","2006",6.7,
"AUT","DOCCONSULT","TOT","CAP","A","2007",6.8,
"AUT","DOCCONSULT","TOT","CAP","A","2008",6.9,
"AUT","DOCCONSULT","TOT","CAP","A","2009",6.9,
"AUT","DOCCONSULT","TOT","CAP","A","2010",6.9,
"AUT","DOCCONSULT","TOT","CAP","A","2011",6.9,
"AUT","DOCCONSULT","TOT","CAP","A","2012",6.8,
"AUT","DOCCONSULT","TOT","CAP","A","2013",6.8,
"AUT","DOCCONSULT","TOT","CAP","A","2014",6.8,
"AUT","DOCCONSULT","TOT","CAP","A","2015",6.6,
"AUT","DOCCONSULT","TOT","CAP","A","2016",6.6,
"AUT","DOCCONSULT","TOT","CAP","A","2017",6.5,
"AUT","DOCCONSULT","TOT","CAP","A","2018",6.6,
"AUT","DOCCONSULT","TOT","CAP","A","2019",6.6,
"AUT","DOCCONSULT","TOT","CAP","A","2020",5.8,
"BEL","DOCCONSULT","TOT","CAP","A","2006",6.5,
"BEL","DOCCONSULT","TOT","CAP","A","2007",6.5,
"BEL","DOCCONSULT","TOT","CAP","A","2008",6.8,
"BEL","DOCCONSULT","TOT","CAP","A","2009",6.9,
"BEL","DOCCONSULT","TOT","CAP","A","2010",6.6,
"BEL","DOCCONSULT","TOT","CAP","A","2011",6.7,
"BEL","DOCCONSULT","TOT","CAP","A","2012",6.7,
"BEL","DOCCONSULT","TOT","CAP","A","2013",6.7,
"BEL","DOCCONSULT","TOT","CAP","A","2014",6.7,
"BEL","DOCCONSULT","TOT","CAP","A","2015",6.8,
"BEL","DOCCONSULT","TOT","CAP","A","2016",6.9,
"BEL","DOCCONSULT","TOT","CAP","A","2017",7,
"BEL","DOCCONSULT","TOT","CAP","A","2018",7.2,
"BEL","DOCCONSULT","TOT","CAP","A","2019",7.3,
"BEL","DOCCONSULT","TOT","CAP","A","2020",6.2,
"CAN","DOCCONSULT","TOT","CAP","A","1962",4,
"CAN","DOCCONSULT","TOT","CAP","A","1972",4.3,
"CAN","DOCCONSULT","TOT","CAP","A","1973",4.4,
"CAN","DOCCONSULT","TOT","CAP","A","1974",4.6,
"CAN","DOCCONSULT","TOT","CAP","A","1975",4.9,
"CAN","DOCCONSULT","TOT","CAP","A","1976",4.9,
"CAN","DOCCONSULT","TOT","CAP","A","1977",5,
"CAN","DOCCONSULT","TOT","CAP","A","1978",5.1,
"CAN","DOCCONSULT","TOT","CAP","A","1979",5.3,
"CAN","DOCCONSULT","TOT","CAP","A","1980",5.6,
"CAN","DOCCONSULT","TOT","CAP","A","1981",5.6,
"CAN","DOCCONSULT","TOT","CAP","A","1982",5.8,
"CAN","DOCCONSULT","TOT","CAP","A","1983",5.9,
"CAN","DOCCONSULT","TOT","CAP","A","1984",6,
"CAN","DOCCONSULT","TOT","CAP","A","1985",6.2,
"CAN","DOCCONSULT","TOT","CAP","A","1986",6.4,
"CAN","DOCCONSULT","TOT","CAP","A","1987",6.6,
"CAN","DOCCONSULT","TOT","CAP","A","1988",6.6,
"CAN","DOCCONSULT","TOT","CAP","A","1989",6.8,
"CAN","DOCCONSULT","TOT","CAP","A","1990",6.7,
"CAN","DOCCONSULT","TOT","CAP","A","1991",6.9,
"CAN","DOCCONSULT","TOT","CAP","A","1992",6.9,
"CAN","DOCCONSULT","TOT","CAP","A","1993",6.8,
"CAN","DOCCONSULT","TOT","CAP","A","1994",6.6,
"CAN","DOCCONSULT","TOT","CAP","A","1995",6.5,
"CAN","DOCCONSULT","TOT","CAP","A","1996",6.4,
"CAN","DOCCONSULT","TOT","CAP","A","1997",6.3,
"CAN","DOCCONSULT","TOT","CAP","A","1998",6.4,
"CAN","DOCCONSULT","TOT","CAP","A","1999",6.5,"B"
"CAN","DOCCONSULT","TOT","CAP","A","2000",6.7,"E"
"CAN","DOCCONSULT","TOT","CAP","A","2001",6.9,"E"
"CAN","DOCCONSULT","TOT","CAP","A","2002",6.9,"E"
"CAN","DOCCONSULT","TOT","CAP","A","2003",7,"E"
"CAN","DOCCONSULT","TOT","CAP","A","2004",6.9,"E"
"CAN","DOCCONSULT","TOT","CAP","A","2005",7,"E"
"CAN","DOCCONSULT","TOT","CAP","A","2006",6.9,"E"
"CAN","DOCCONSULT","TOT","CAP","A","2007",7,"E"
"CAN","DOCCONSULT","TOT","CAP","A","2008",7.2,"E"
"CAN","DOCCONSULT","TOT","CAP","A","2009",7,"E"
"CAN","DOCCONSULT","TOT","CAP","A","2010",7,"E"
"CAN","DOCCONSULT","TOT","CAP","A","2011",7,"E"
"CAN","DOCCONSULT","TOT","CAP","A","2012",6.9,"E"
"CAN","DOCCONSULT","TOT","CAP","A","2013",6.7,"E"
"CAN","DOCCONSULT","TOT","CAP","A","2014",6.6,"E"
"CAN","DOCCONSULT","TOT","CAP","A","2015",6.6,"E"
"CAN","DOCCONSULT","TOT","CAP","A","2016",6.6,"E"
"CAN","DOCCONSULT","TOT","CAP","A","2017",6.6,"E"
"CAN","DOCCONSULT","TOT","CAP","A","2018",6.5,"E"
"CAN","DOCCONSULT","TOT","CAP","A","2019",6.6,"E"
"CZE","DOCCONSULT","TOT","CAP","A","2015",7.7,"E"
"CZE","DOCCONSULT","TOT","CAP","A","2016",7.7,"E"
"CZE","DOCCONSULT","TOT","CAP","A","2017",7.7,"E"
"CZE","DOCCONSULT","TOT","CAP","A","2018",7.9,"E"
"CZE","DOCCONSULT","TOT","CAP","A","2019",7.9,"E"
"CZE","DOCCONSULT","TOT","CAP","A","2020",7.3,"E"
"DNK","DOCCONSULT","TOT","CAP","A","1990",3.7,
"DNK","DOCCONSULT","TOT","CAP","A","1991",3.8,
"DNK","DOCCONSULT","TOT","CAP","A","1992",4,
"DNK","DOCCONSULT","TOT","CAP","A","1993",3.9,
"DNK","DOCCONSULT","TOT","CAP","A","1994",4,
"DNK","DOCCONSULT","TOT","CAP","A","1995",4.1,
"DNK","DOCCONSULT","TOT","CAP","A","1996",4,
"DNK","DOCCONSULT","TOT","CAP","A","1997",4.1,
"DNK","DOCCONSULT","TOT","CAP","A","1998",4.2,
"DNK","DOCCONSULT","TOT","CAP","A","1999",4.1,
"DNK","DOCCONSULT","TOT","CAP","A","2000",4.2,
"DNK","DOCCONSULT","TOT","CAP","A","2001",4.2,
"DNK","DOCCONSULT","TOT","CAP","A","2002",4.3,
"DNK","DOCCONSULT","TOT","CAP","A","2003",4.3,
"DNK","DOCCONSULT","TOT","CAP","A","2004",4.4,
"DNK","DOCCONSULT","TOT","CAP","A","2005",4.5,
"DNK","DOCCONSULT","TOT","CAP","A","2006",4.5,
"DNK","DOCCONSULT","TOT","CAP","A","2007",4.5,
"DNK","DOCCONSULT","TOT","CAP","A","2008",4.6,
"DNK","DOCCONSULT","TOT","CAP","A","2009",4.6,
"DNK","DOCCONSULT","TOT","CAP","A","2010",4.6,
"DNK","DOCCONSULT","TOT","CAP","A","2011",4.8,
"DNK","DOCCONSULT","TOT","CAP","A","2012",4.7,
"DNK","DOCCONSULT","TOT","CAP","A","2013",4.7,
"DNK","DOCCONSULT","TOT","CAP","A","2014",4.1,
"DNK","DOCCONSULT","TOT","CAP","A","2015",4.1,
"DNK","DOCCONSULT","TOT","CAP","A","2016",4.1,
"DNK","DOCCONSULT","TOT","CAP","A","2017",4.1,
"DNK","DOCCONSULT","TOT","CAP","A","2018",4.1,
"DNK","DOCCONSULT","TOT","CAP","A","2019",3.9,
"DNK","DOCCONSULT","TOT","CAP","A","2020",4,
"DNK","DOCCONSULT","TOT","CAP","A","2021",3.8,
"FIN","DOCCONSULT","TOT","CAP","A","1964",1.6,
"FIN","DOCCONSULT","TOT","CAP","A","1965",1.7,
"FIN","DOCCONSULT","TOT","CAP","A","1966",1.7,
"FIN","DOCCONSULT","TOT","CAP","A","1967",1.8,
"FIN","DOCCONSULT","TOT","CAP","A","1968",2,
"FIN","DOCCONSULT","TOT","CAP","A","1969",2.2,
"FIN","DOCCONSULT","TOT","CAP","A","1970",2.4,
"FIN","DOCCONSULT","TOT","CAP","A","1971",2.7,
"FIN","DOCCONSULT","TOT","CAP","A","1972",2.8,
"FIN","DOCCONSULT","TOT","CAP","A","1973",2.8,
"FIN","DOCCONSULT","TOT","CAP","A","1974",3,
"FIN","DOCCONSULT","TOT","CAP","A","1975",3,
"FIN","DOCCONSULT","TOT","CAP","A","1976",3,
"FIN","DOCCONSULT","TOT","CAP","A","1977",3,
"FIN","DOCCONSULT","TOT","CAP","A","1978",3,
"FIN","DOCCONSULT","TOT","CAP","A","1979",3.1,
"FIN","DOCCONSULT","TOT","CAP","A","1980",3.2,
"FIN","DOCCONSULT","TOT","CAP","A","1981",3.3,
"FIN","DOCCONSULT","TOT","CAP","A","1982",3.3,
"FIN","DOCCONSULT","TOT","CAP","A","1983",3.4,
"FIN","DOCCONSULT","TOT","CAP","A","1984",3.4,
"FIN","DOCCONSULT","TOT","CAP","A","1985",3.6,
"FIN","DOCCONSULT","TOT","CAP","A","1986",3.6,
"FIN","DOCCONSULT","TOT","CAP","A","1987",3.6,
"FIN","DOCCONSULT","TOT","CAP","A","1988",3.7,
"FIN","DOCCONSULT","TOT","CAP","A","1989",3.9,
"FIN","DOCCONSULT","TOT","CAP","A","1990",3.9,
"FIN","DOCCONSULT","TOT","CAP","A","1991",4,
"FIN","DOCCONSULT","TOT","CAP","A","1992",3.9,
"FIN","DOCCONSULT","TOT","CAP","A","1993",3.9,
"FIN","DOCCONSULT","TOT","CAP","A","1994",4,
"FIN","DOCCONSULT","TOT","CAP","A","1995",4.1,
"FIN","DOCCONSULT","TOT","CAP","A","1996",4.3,
"FIN","DOCCONSULT","TOT","CAP","A","1997",4.2,
"FIN","DOCCONSULT","TOT","CAP","A","1998",4.2,
"FIN","DOCCONSULT","TOT","CAP","A","1999",4.3,
"FIN","DOCCONSULT","TOT","CAP","A","2000",4.3,
"FIN","DOCCONSULT","TOT","CAP","A","2001",4.3,
"FIN","DOCCONSULT","TOT","CAP","A","2002",4.2,
"FIN","DOCCONSULT","TOT","CAP","A","2003",4.2,
"FIN","DOCCONSULT","TOT","CAP","A","2004",4.2,
"FIN","DOCCONSULT","TOT","CAP","A","2005",4.3,
"FIN","DOCCONSULT","TOT","CAP","A","2006",4.3,
"FIN","DOCCONSULT","TOT","CAP","A","2007",4.2,
"FIN","DOCCONSULT","TOT","CAP","A","2008",4.3,
"FIN","DOCCONSULT","TOT","CAP","A","2009",4.2,
"FIN","DOCCONSULT","TOT","CAP","A","2010",4.3,
"FIN","DOCCONSULT","TOT","CAP","A","2011",4.2,"B"
"FIN","DOCCONSULT","TOT","CAP","A","2012",4.2,
"FIN","DOCCONSULT","TOT","CAP","A","2013",4.2,
"FIN","DOCCONSULT","TOT","CAP","A","2014",4.2,
"FIN","DOCCONSULT","TOT","CAP","A","2015",4.3,
"FIN","DOCCONSULT","TOT","CAP","A","2016",4.3,
"FIN","DOCCONSULT","TOT","CAP","A","2017",4.4,
"FIN","DOCCONSULT","TOT","CAP","A","2018",4.4,
"FIN","DOCCONSULT","TOT","CAP","A","2019",4.4,
"FIN","DOCCONSULT","TOT","CAP","A","2020",4.2,
"FRA","DOCCONSULT","TOT","CAP","A","1980",4.2,
"FRA","DOCCONSULT","TOT","CAP","A","1981",4.4,
"FRA","DOCCONSULT","TOT","CAP","A","1982",4.6,
"FRA","DOCCONSULT","TOT","CAP","A","1983",4.8,
"FRA","DOCCONSULT","TOT","CAP","A","1984",4.8,
"FRA","DOCCONSULT","TOT","CAP","A","1985",5.2,
"FRA","DOCCONSULT","TOT","CAP","A","1986",5.4,
"FRA","DOCCONSULT","TOT","CAP","A","1987",5.4,
"FRA","DOCCONSULT","TOT","CAP","A","1988",5.6,
"FRA","DOCCONSULT","TOT","CAP","A","1989",5.7,
"FRA","DOCCONSULT","TOT","CAP","A","1990",5.9,
"FRA","DOCCONSULT","TOT","CAP","A","1991",6.1,
"FRA","DOCCONSULT","TOT","CAP","A","1992",6.2,
"FRA","DOCCONSULT","TOT","CAP","A","1993",6.3,
"FRA","DOCCONSULT","TOT","CAP","A","1994",6.4,
"FRA","DOCCONSULT","TOT","CAP","A","1995",6.4,
"FRA","DOCCONSULT","TOT","CAP","A","1996",6.5,
"FRA","DOCCONSULT","TOT","CAP","A","1997",6.5,
"FRA","DOCCONSULT","TOT","CAP","A","1998",6.6,
"FRA","DOCCONSULT","TOT","CAP","A","1999",6.6,
"FRA","DOCCONSULT","TOT","CAP","A","2000",6.9,"B"
"FRA","DOCCONSULT","TOT","CAP","A","2001",7.4,"B"
"FRA","DOCCONSULT","TOT","CAP","A","2002",7.3,
"FRA","DOCCONSULT","TOT","CAP","A","2003",7.2,
"FRA","DOCCONSULT","TOT","CAP","A","2004",7,
"FRA","DOCCONSULT","TOT","CAP","A","2005",7,
"FRA","DOCCONSULT","TOT","CAP","A","2006",6.8,
"FRA","DOCCONSULT","TOT","CAP","A","2007",6.8,
"FRA","DOCCONSULT","TOT","CAP","A","2008",6.7,
"FRA","DOCCONSULT","TOT","CAP","A","2009",6.7,
"FRA","DOCCONSULT","TOT","CAP","A","2010",6.7,
"FRA","DOCCONSULT","TOT","CAP","A","2011",6.8,
"FRA","DOCCONSULT","TOT","CAP","A","2012",6.7,
"FRA","DOCCONSULT","TOT","CAP","A","2013",6.4,"B"
"FRA","DOCCONSULT","TOT","CAP","A","2014",6.3,
"FRA","DOCCONSULT","TOT","CAP","A","2015",6.2,
"FRA","DOCCONSULT","TOT","CAP","A","2016",6.1,
"FRA","DOCCONSULT","TOT","CAP","A","2017",5.9,
"FRA","DOCCONSULT","TOT","CAP","A","2018",5.9,
"FRA","DOCCONSULT","TOT","CAP","A","2019",5.8,
"FRA","DOCCONSULT","TOT","CAP","A","2020",5,
"DEU","DOCCONSULT","TOT","CAP","A","1991",5.3,"D"
"DEU","DOCCONSULT","TOT","CAP","A","1992",5.7,"D"
"DEU","DOCCONSULT","TOT","CAP","A","1993",6.2,"D"
"DEU","DOCCONSULT","TOT","CAP","A","1994",6.5,"D"
"DEU","DOCCONSULT","TOT","CAP","A","1995",6.8,"D"
"DEU","DOCCONSULT","TOT","CAP","A","1996",7,"D"
"DEU","DOCCONSULT","TOT","CAP","A","1997",7.3,"D"
"DEU","DOCCONSULT","TOT","CAP","A","1998",7.4,"D"
"DEU","DOCCONSULT","TOT","CAP","A","1999",7.6,"D"
"DEU","DOCCONSULT","TOT","CAP","A","2000",7.7,"D"
"DEU","DOCCONSULT","TOT","CAP","A","2001",7.9,"D"
"DEU","DOCCONSULT","TOT","CAP","A","2002",8,"D"
"DEU","DOCCONSULT","TOT","CAP","A","2003",8,"D"
"DEU","DOCCONSULT","TOT","CAP","A","2004",7.4,"D"
"DEU","DOCCONSULT","TOT","CAP","A","2005",8.1,"D"
"DEU","DOCCONSULT","TOT","CAP","A","2006",7.9,"D"
"DEU","DOCCONSULT","TOT","CAP","A","2007",8.1,"D"
"DEU","DOCCONSULT","TOT","CAP","A","2008",8.6,"D"
"DEU","DOCCONSULT","TOT","CAP","A","2009",9.2,"D"
"DEU","DOCCONSULT","TOT","CAP","A","2010",9.9,"D"
"DEU","DOCCONSULT","TOT","CAP","A","2011",9.7,"D"
"DEU","DOCCONSULT","TOT","CAP","A","2012",9.7,"D"
"DEU","DOCCONSULT","TOT","CAP","A","2013",9.9,"D"
"DEU","DOCCONSULT","TOT","CAP","A","2014",9.9,"D"
"DEU","DOCCONSULT","TOT","CAP","A","2015",10,"D"
"DEU","DOCCONSULT","TOT","CAP","A","2016",10,"D"
"DEU","DOCCONSULT","TOT","CAP","A","2017",9.9,"D"
"DEU","DOCCONSULT","TOT","CAP","A","2018",9.9,"D"
"DEU","DOCCONSULT","TOT","CAP","A","2019",9.8,"D"
"DEU","DOCCONSULT","TOT","CAP","A","2020",9.5,"D"
"GRC","DOCCONSULT","TOT","CAP","A","1960",5.2,
"GRC","DOCCONSULT","TOT","CAP","A","1961",5.3,
"GRC","DOCCONSULT","TOT","CAP","A","1962",5.8,
"GRC","DOCCONSULT","TOT","CAP","A","1963",5.9,
"GRC","DOCCONSULT","TOT","CAP","A","1964",6.4,
"GRC","DOCCONSULT","TOT","CAP","A","1965",6.6,
"GRC","DOCCONSULT","TOT","CAP","A","1966",6.5,
"GRC","DOCCONSULT","TOT","CAP","A","1967",6.4,
"GRC","DOCCONSULT","TOT","CAP","A","1968",6.3,
"GRC","DOCCONSULT","TOT","CAP","A","1969",6.2,
"GRC","DOCCONSULT","TOT","CAP","A","1970",6.1,
"GRC","DOCCONSULT","TOT","CAP","A","1971",6.3,
"GRC","DOCCONSULT","TOT","CAP","A","1972",6.4,
"GRC","DOCCONSULT","TOT","CAP","A","1973",6.4,
"GRC","DOCCONSULT","TOT","CAP","A","1974",6.4,
"GRC","DOCCONSULT","TOT","CAP","A","1975",6.7,
"GRC","DOCCONSULT","TOT","CAP","A","1976",6.4,
"GRC","DOCCONSULT","TOT","CAP","A","1977",6.2,
"GRC","DOCCONSULT","TOT","CAP","A","1978",6.2,
"GRC","DOCCONSULT","TOT","CAP","A","1979",6,
"GRC","DOCCONSULT","TOT","CAP","A","1980",5.6,
"GRC","DOCCONSULT","TOT","CAP","A","1981",5.8,
"GRC","DOCCONSULT","TOT","CAP","A","1982",5.7,
"GRC","DOCCONSULT","TOT","CAP","A","1983",5.7,
"GRC","DOCCONSULT","TOT","CAP","A","1984",5.9,
"GRC","DOCCONSULT","TOT","CAP","A","1985",5.8,
"GRC","DOCCONSULT","TOT","CAP","A","1986",5.1,
"GRC","DOCCONSULT","TOT","CAP","A","1987",4.8,
"GRC","DOCCONSULT","TOT","CAP","A","1988",4.7,
"GRC","DOCCONSULT","TOT","CAP","A","1989",4.4,
"GRC","DOCCONSULT","TOT","CAP","A","1990",4.3,
"GRC","DOCCONSULT","TOT","CAP","A","1991",4.3,
"GRC","DOCCONSULT","TOT","CAP","A","1992",4.3,
"GRC","DOCCONSULT","TOT","CAP","A","1993",4.4,
"GRC","DOCCONSULT","TOT","CAP","A","1994",4.4,
"GRC","DOCCONSULT","TOT","CAP","A","1995",4.3,
"GRC","DOCCONSULT","TOT","CAP","A","1996",4.6,
"GRC","DOCCONSULT","TOT","CAP","A","1997",4.4,
"GRC","DOCCONSULT","TOT","CAP","A","1998",4.3,
"GRC","DOCCONSULT","TOT","CAP","A","1999",4.2,
"GRC","DOCCONSULT","TOT","CAP","A","2000",4.3,
"GRC","DOCCONSULT","TOT","CAP","A","2001",4,
"GRC","DOCCONSULT","TOT","CAP","A","2002",4,
"GRC","DOCCONSULT","TOT","CAP","A","2003",4.2,
"GRC","DOCCONSULT","TOT","CAP","A","2004",4.2,
"GRC","DOCCONSULT","TOT","CAP","A","2005",3.9,
"GRC","DOCCONSULT","TOT","CAP","A","2006",4,
"GRC","DOCCONSULT","TOT","CAP","A","2017",3.5,"B"
"GRC","DOCCONSULT","TOT","CAP","A","2018",3.3,
"GRC","DOCCONSULT","TOT","CAP","A","2019",3.5,
"GRC","DOCCONSULT","TOT","CAP","A","2020",2.7,
"GRC","DOCCONSULT","TOT","CAP","A","2021",2.7,
"HUN","DOCCONSULT","TOT","CAP","A","1975",11.1,
"HUN","DOCCONSULT","TOT","CAP","A","1976",10.6,
"HUN","DOCCONSULT","TOT","CAP","A","1977",10.3,
"HUN","DOCCONSULT","TOT","CAP","A","1978",10.3,
"HUN","DOCCONSULT","TOT","CAP","A","1979",10.4,
"HUN","DOCCONSULT","TOT","CAP","A","1980",10.5,
"HUN","DOCCONSULT","TOT","CAP","A","1981",10.6,
"HUN","DOCCONSULT","TOT","CAP","A","1982",10.6,
"HUN","DOCCONSULT","TOT","CAP","A","1983",10.8,
"HUN","DOCCONSULT","TOT","CAP","A","1984",10.9,
"HUN","DOCCONSULT","TOT","CAP","A","1985",11,
"HUN","DOCCONSULT","TOT","CAP","A","1986",11.4,
"HUN","DOCCONSULT","TOT","CAP","A","1987",11.1,
"HUN","DOCCONSULT","TOT","CAP","A","1988",11.5,
"HUN","DOCCONSULT","TOT","CAP","A","1989",11.7,
"HUN","DOCCONSULT","TOT","CAP","A","1990",13.2,
"HUN","DOCCONSULT","TOT","CAP","A","1991",13.3,
"HUN","DOCCONSULT","TOT","CAP","A","1992",13.8,
"HUN","DOCCONSULT","TOT","CAP","A","1993",13.4,
"HUN","DOCCONSULT","TOT","CAP","A","1994",9.8,"B"
"HUN","DOCCONSULT","TOT","CAP","A","1995",9.9,
"HUN","DOCCONSULT","TOT","CAP","A","1996",9.9,
"HUN","DOCCONSULT","TOT","CAP","A","1997",10.5,
"HUN","DOCCONSULT","TOT","CAP","A","1998",9.9,
"HUN","DOCCONSULT","TOT","CAP","A","1999",10.2,
"HUN","DOCCONSULT","TOT","CAP","A","2000",10.5,
"HUN","DOCCONSULT","TOT","CAP","A","2001",10.5,
"HUN","DOCCONSULT","TOT","CAP","A","2002",11,
"HUN","DOCCONSULT","TOT","CAP","A","2003",11.3,
"HUN","DOCCONSULT","TOT","CAP","A","2004",11.6,
"HUN","DOCCONSULT","TOT","CAP","A","2005",11.8,
"HUN","DOCCONSULT","TOT","CAP","A","2006",11.9,
"HUN","DOCCONSULT","TOT","CAP","A","2007",10,"B"
"HUN","DOCCONSULT","TOT","CAP","A","2008",10.4,
"HUN","DOCCONSULT","TOT","CAP","A","2009",11,
"HUN","DOCCONSULT","TOT","CAP","A","2010",11,
"HUN","DOCCONSULT","TOT","CAP","A","2011",11.1,
"HUN","DOCCONSULT","TOT","CAP","A","2012",11.1,
"HUN","DOCCONSULT","TOT","CAP","A","2013",11.1,
"HUN","DOCCONSULT","TOT","CAP","A","2014",11.1,
"HUN","DOCCONSULT","TOT","CAP","A","2015",11.1,
"HUN","DOCCONSULT","TOT","CAP","A","2016",11.1,
"HUN","DOCCONSULT","TOT","CAP","A","2017",10.9,
"HUN","DOCCONSULT","TOT","CAP","A","2018",10.7,
"HUN","DOCCONSULT","TOT","CAP","A","2019",10.7,
"HUN","DOCCONSULT","TOT","CAP","A","2020",9.7,
"ISL","DOCCONSULT","TOT","CAP","A","1989",5.1,
"ISL","DOCCONSULT","TOT","CAP","A","1990",5.1,
"ISL","DOCCONSULT","TOT","CAP","A","1991",5.2,
"ISL","DOCCONSULT","TOT","CAP","A","1992",4.9,
"ISL","DOCCONSULT","TOT","CAP","A","1993",4.9,
"ISL","DOCCONSULT","TOT","CAP","A","1994",4.9,
"ISL","DOCCONSULT","TOT","CAP","A","1995",5.1,
"ISL","DOCCONSULT","TOT","CAP","A","1996",5.2,
"ISL","DOCCONSULT","TOT","CAP","A","1997",5.2,
"ISL","DOCCONSULT","TOT","CAP","A","1998",5.1,
"ISL","DOCCONSULT","TOT","CAP","A","1999",5.6,
"ISL","DOCCONSULT","TOT","CAP","A","2000",5.8,
"ISL","DOCCONSULT","TOT","CAP","A","2001",5.9,
"ISL","DOCCONSULT","TOT","CAP","A","2002",6.1,
"ISL","DOCCONSULT","TOT","CAP","A","2003",6.2,
"ISL","DOCCONSULT","TOT","CAP","A","2004",6.3,
"ISL","DOCCONSULT","TOT","CAP","A","2005",6.5,
"ISL","DOCCONSULT","TOT","CAP","A","2006",6.3,
"ISL","DOCCONSULT","TOT","CAP","A","2007",6.5,
"ISL","DOCCONSULT","TOT","CAP","A","2008",6.4,"B"
"ISL","DOCCONSULT","TOT","CAP","A","2009",6.4,
"ISL","DOCCONSULT","TOT","CAP","A","2010",6.1,
"ISL","DOCCONSULT","TOT","CAP","A","2011",6.1,
"ISL","DOCCONSULT","TOT","CAP","A","2012",5.9,
"ISL","DOCCONSULT","TOT","CAP","A","2013",6,
"ISL","DOCCONSULT","TOT","CAP","A","2014",5.9,
"IRL","DOCCONSULT","TOT","CAP","A","2007",3.3,
"IRL","DOCCONSULT","TOT","CAP","A","2010",3.8,
"IRL","DOCCONSULT","TOT","CAP","A","2015",5.7,
"IRL","DOCCONSULT","TOT","CAP","A","2016",5.7,"D"
"IRL","DOCCONSULT","TOT","CAP","A","2017",5.7,
"IRL","DOCCONSULT","TOT","CAP","A","2018",5,
"IRL","DOCCONSULT","TOT","CAP","A","2019",5.8,
"ITA","DOCCONSULT","TOT","CAP","A","1991",6.8,
"ITA","DOCCONSULT","TOT","CAP","A","1994",6.6,
"ITA","DOCCONSULT","TOT","CAP","A","1999",6,
"ITA","DOCCONSULT","TOT","CAP","A","2000",6.1,
"ITA","DOCCONSULT","TOT","CAP","A","2005",6.1,
"ITA","DOCCONSULT","TOT","CAP","A","2013",6.8,
"ITA","DOCCONSULT","TOT","CAP","A","2014",9.8,
"ITA","DOCCONSULT","TOT","CAP","A","2015",9.6,"E"
"ITA","DOCCONSULT","TOT","CAP","A","2016",9.9,"E"
"ITA","DOCCONSULT","TOT","CAP","A","2017",10.1,"E"
"ITA","DOCCONSULT","TOT","CAP","A","2018",10.3,"E"
"ITA","DOCCONSULT","TOT","CAP","A","2019",10.4,"E"
"ITA","DOCCONSULT","TOT","CAP","A","2020",5.2,"E"
"JPN","DOCCONSULT","TOT","CAP","A","1985",13.5,
"JPN","DOCCONSULT","TOT","CAP","A","1986",13.6,
"JPN","DOCCONSULT","TOT","CAP","A","1987",13.8,
"JPN","DOCCONSULT","TOT","CAP","A","1988",13.9,
"JPN","DOCCONSULT","TOT","CAP","A","1989",13.8,
"JPN","DOCCONSULT","TOT","CAP","A","1990",13.8,
"JPN","DOCCONSULT","TOT","CAP","A","1991",14.2,
"JPN","DOCCONSULT","TOT","CAP","A","1992",14.5,
"JPN","DOCCONSULT","TOT","CAP","A","1993",14.4,
"JPN","DOCCONSULT","TOT","CAP","A","1994",14.7,
"JPN","DOCCONSULT","TOT","CAP","A","1995",14.6,
"JPN","DOCCONSULT","TOT","CAP","A","1996",14.8,
"JPN","DOCCONSULT","TOT","CAP","A","1997",14.3,
"JPN","DOCCONSULT","TOT","CAP","A","1998",14.5,
"JPN","DOCCONSULT","TOT","CAP","A","1999",14.5,
"JPN","DOCCONSULT","TOT","CAP","A","2000",14.4,
"JPN","DOCCONSULT","TOT","CAP","A","2001",14.5,
"JPN","DOCCONSULT","TOT","CAP","A","2002",14.1,
"JPN","DOCCONSULT","TOT","CAP","A","2003",13.8,
"JPN","DOCCONSULT","TOT","CAP","A","2004",13.8,
"JPN","DOCCONSULT","TOT","CAP","A","2005",13.7,
"JPN","DOCCONSULT","TOT","CAP","A","2006",13.6,
"JPN","DOCCONSULT","TOT","CAP","A","2007",13.4,
"JPN","DOCCONSULT","TOT","CAP","A","2008",13.2,
"JPN","DOCCONSULT","TOT","CAP","A","2009",13.1,
"JPN","DOCCONSULT","TOT","CAP","A","2010",13.1,
"JPN","DOCCONSULT","TOT","CAP","A","2011",13,
"JPN","DOCCONSULT","TOT","CAP","A","2012",12.9,
"JPN","DOCCONSULT","TOT","CAP","A","2013",12.8,
"JPN","DOCCONSULT","TOT","CAP","A","2014",12.7,
"JPN","DOCCONSULT","TOT","CAP","A","2015",12.8,
"JPN","DOCCONSULT","TOT","CAP","A","2016",12.6,
"JPN","DOCCONSULT","TOT","CAP","A","2017",12.6,
"JPN","DOCCONSULT","TOT","CAP","A","2018",12.5,
"JPN","DOCCONSULT","TOT","CAP","A","2019",12.4,
"KOR","DOCCONSULT","TOT","CAP","A","1999",8.8,
"KOR","DOCCONSULT","TOT","CAP","A","2002",10.6,
"KOR","DOCCONSULT","TOT","CAP","A","2005",11.8,
"KOR","DOCCONSULT","TOT","CAP","A","2008",12.9,
"KOR","DOCCONSULT","TOT","CAP","A","2009",12.9,
"KOR","DOCCONSULT","TOT","CAP","A","2010",13.5,
"KOR","DOCCONSULT","TOT","CAP","A","2011",12.5,
"KOR","DOCCONSULT","TOT","CAP","A","2012",14.3,
"KOR","DOCCONSULT","TOT","CAP","A","2013",14.6,
"KOR","DOCCONSULT","TOT","CAP","A","2014",16.9,"B"
"KOR","DOCCONSULT","TOT","CAP","A","2015",16.6,
"KOR","DOCCONSULT","TOT","CAP","A","2016",17.1,
"KOR","DOCCONSULT","TOT","CAP","A","2017",16.7,
"KOR","DOCCONSULT","TOT","CAP","A","2018",16.9,
"KOR","DOCCONSULT","TOT","CAP","A","2019",17.2,
"KOR","DOCCONSULT","TOT","CAP","A","2020",14.7,
"LUX","DOCCONSULT","TOT","CAP","A","2003",6.1,
"LUX","DOCCONSULT","TOT","CAP","A","2004",6,
"LUX","DOCCONSULT","TOT","CAP","A","2005",6,
"LUX","DOCCONSULT","TOT","CAP","A","2006",5.9,
"LUX","DOCCONSULT","TOT","CAP","A","2007",6,
"LUX","DOCCONSULT","TOT","CAP","A","2008",6,
"LUX","DOCCONSULT","TOT","CAP","A","2009",6.1,
"LUX","DOCCONSULT","TOT","CAP","A","2010",5.8,
"LUX","DOCCONSULT","TOT","CAP","A","2011",6,
"LUX","DOCCONSULT","TOT","CAP","A","2012",6,
"LUX","DOCCONSULT","TOT","CAP","A","2013",5.9,
"LUX","DOCCONSULT","TOT","CAP","A","2014",5.9,
"LUX","DOCCONSULT","TOT","CAP","A","2015",5.9,
"LUX","DOCCONSULT","TOT","CAP","A","2016",6,
"LUX","DOCCONSULT","TOT","CAP","A","2017",5.7,
"LUX","DOCCONSULT","TOT","CAP","A","2018",5.8,
"LUX","DOCCONSULT","TOT","CAP","A","2019",5.6,
"LUX","DOCCONSULT","TOT","CAP","A","2020",4.4,"P"
"MEX","DOCCONSULT","TOT","CAP","A","1980",1.3,
"MEX","DOCCONSULT","TOT","CAP","A","1981",1.3,
"MEX","DOCCONSULT","TOT","CAP","A","1982",1.5,
"MEX","DOCCONSULT","TOT","CAP","A","1983",1.6,
"MEX","DOCCONSULT","TOT","CAP","A","1984",1.7,
"MEX","DOCCONSULT","TOT","CAP","A","1985",1.6,
"MEX","DOCCONSULT","TOT","CAP","A","1986",1.6,
"MEX","DOCCONSULT","TOT","CAP","A","1987",1.7,
"MEX","DOCCONSULT","TOT","CAP","A","1988",1.7,
"MEX","DOCCONSULT","TOT","CAP","A","1989",1.7,
"MEX","DOCCONSULT","TOT","CAP","A","1990",1.7,
"MEX","DOCCONSULT","TOT","CAP","A","1991",1.7,
"MEX","DOCCONSULT","TOT","CAP","A","1992",1.8,
"MEX","DOCCONSULT","TOT","CAP","A","1993",1.9,
"MEX","DOCCONSULT","TOT","CAP","A","1994",2,
"MEX","DOCCONSULT","TOT","CAP","A","1995",2.1,
"MEX","DOCCONSULT","TOT","CAP","A","1996",2.2,
"MEX","DOCCONSULT","TOT","CAP","A","1997",2.3,
"MEX","DOCCONSULT","TOT","CAP","A","1998",2.3,
"MEX","DOCCONSULT","TOT","CAP","A","1999",2.5,
"MEX","DOCCONSULT","TOT","CAP","A","2000",2.5,
"MEX","DOCCONSULT","TOT","CAP","A","2001",2.5,
"MEX","DOCCONSULT","TOT","CAP","A","2002",2.6,
"MEX","DOCCONSULT","TOT","CAP","A","2003",2.5,
"MEX","DOCCONSULT","TOT","CAP","A","2004",2.5,
"MEX","DOCCONSULT","TOT","CAP","A","2005",2.7,
"MEX","DOCCONSULT","TOT","CAP","A","2006",2.6,
"MEX","DOCCONSULT","TOT","CAP","A","2007",2.7,
"MEX","DOCCONSULT","TOT","CAP","A","2008",2.8,
"MEX","DOCCONSULT","TOT","CAP","A","2009",2.9,
"MEX","DOCCONSULT","TOT","CAP","A","2010",2.9,
"MEX","DOCCONSULT","TOT","CAP","A","2011",2.7,
"MEX","DOCCONSULT","TOT","CAP","A","2012",3,
"MEX","DOCCONSULT","TOT","CAP","A","2013",2.8,
"MEX","DOCCONSULT","TOT","CAP","A","2014",2.6,
"MEX","DOCCONSULT","TOT","CAP","A","2015",2.7,
"MEX","DOCCONSULT","TOT","CAP","A","2016",2.6,
"MEX","DOCCONSULT","TOT","CAP","A","2017",2.5,
"MEX","DOCCONSULT","TOT","CAP","A","2018",2.4,
"MEX","DOCCONSULT","TOT","CAP","A","2019",2.3,"E"
"MEX","DOCCONSULT","TOT","CAP","A","2020",2.1,"E"
"NLD","DOCCONSULT","TOT","CAP","A","1966",4.2,
"NLD","DOCCONSULT","TOT","CAP","A","1967",4.2,
"NLD","DOCCONSULT","TOT","CAP","A","1968",4.2,
"NLD","DOCCONSULT","TOT","CAP","A","1980",4.9,
"NLD","DOCCONSULT","TOT","CAP","A","1981",5.3,
"NLD","DOCCONSULT","TOT","CAP","A","1982",5,
"NLD","DOCCONSULT","TOT","CAP","A","1983",5.2,
"NLD","DOCCONSULT","TOT","CAP","A","1984",5.1,
"NLD","DOCCONSULT","TOT","CAP","A","1985",5.2,
"NLD","DOCCONSULT","TOT","CAP","A","1986",5.1,
"NLD","DOCCONSULT","TOT","CAP","A","1987",5.5,
"NLD","DOCCONSULT","TOT","CAP","A","1988",5.2,
"NLD","DOCCONSULT","TOT","CAP","A","1989",5.5,
"NLD","DOCCONSULT","TOT","CAP","A","1990",5.5,
"NLD","DOCCONSULT","TOT","CAP","A","1991",5.4,
"NLD","DOCCONSULT","TOT","CAP","A","1992",5.9,
"NLD","DOCCONSULT","TOT","CAP","A","1993",5.7,
"NLD","DOCCONSULT","TOT","CAP","A","1994",5.7,
"NLD","DOCCONSULT","TOT","CAP","A","1995",5.7,
"NLD","DOCCONSULT","TOT","CAP","A","1996",5.4,
"NLD","DOCCONSULT","TOT","CAP","A","1997",5.9,
"NLD","DOCCONSULT","TOT","CAP","A","1998",5.6,
"NLD","DOCCONSULT","TOT","CAP","A","1999",5.8,
"NLD","DOCCONSULT","TOT","CAP","A","2000",5.9,
"NLD","DOCCONSULT","TOT","CAP","A","2001",5.8,
"NLD","DOCCONSULT","TOT","CAP","A","2002",5.6,
"NLD","DOCCONSULT","TOT","CAP","A","2003",5.5,
"NLD","DOCCONSULT","TOT","CAP","A","2004",5.3,
"NLD","DOCCONSULT","TOT","CAP","A","2005",5.4,
"NLD","DOCCONSULT","TOT","CAP","A","2006",5.6,
"NLD","DOCCONSULT","TOT","CAP","A","2007",5.7,
"NLD","DOCCONSULT","TOT","CAP","A","2008",5.9,
"NLD","DOCCONSULT","TOT","CAP","A","2009",5.7,
"NLD","DOCCONSULT","TOT","CAP","A","2010",6.6,
"NLD","DOCCONSULT","TOT","CAP","A","2011",6.6,"D"
"NLD","DOCCONSULT","TOT","CAP","A","2012",6.2,"D"
"NLD","DOCCONSULT","TOT","CAP","A","2013",6.2,"D"
"NLD","DOCCONSULT","TOT","CAP","A","2014",8,
"NLD","DOCCONSULT","TOT","CAP","A","2015",8.2,"D"
"NLD","DOCCONSULT","TOT","CAP","A","2016",8.8,"D"
"NLD","DOCCONSULT","TOT","CAP","A","2017",8.3,"D"
"NLD","DOCCONSULT","TOT","CAP","A","2018",9,"D"
"NLD","DOCCONSULT","TOT","CAP","A","2019",8.8,"D"
"NLD","DOCCONSULT","TOT","CAP","A","2020",8.4,"D"
"NZL","DOCCONSULT","TOT","CAP","A","1977",3.7,
"NZL","DOCCONSULT","TOT","CAP","A","1978",3.7,
"NZL","DOCCONSULT","TOT","CAP","A","1979",3.8,
"NZL","DOCCONSULT","TOT","CAP","A","1980",3.7,
"NZL","DOCCONSULT","TOT","CAP","A","1981",3.8,
"NZL","DOCCONSULT","TOT","CAP","A","2003",4,
"NZL","DOCCONSULT","TOT","CAP","A","2007",4.1,
"NZL","DOCCONSULT","TOT","CAP","A","2012",3.7,
"NZL","DOCCONSULT","TOT","CAP","A","2017",3.8,
"NOR","DOCCONSULT","TOT","CAP","A","1975",4.5,
"NOR","DOCCONSULT","TOT","CAP","A","1985",5.7,
"NOR","DOCCONSULT","TOT","CAP","A","1991",3.8,
"NOR","DOCCONSULT","TOT","CAP","A","2006",3.7,"E"
"NOR","DOCCONSULT","TOT","CAP","A","2007",3.8,"E"
"NOR","DOCCONSULT","TOT","CAP","A","2008",3.9,"E"
"NOR","DOCCONSULT","TOT","CAP","A","2009",4,"E"
"NOR","DOCCONSULT","TOT","CAP","A","2010",4.1,"E"
"NOR","DOCCONSULT","TOT","CAP","A","2011",4.4,"B"
"NOR","DOCCONSULT","TOT","CAP","A","2012",4.4,
"NOR","DOCCONSULT","TOT","CAP","A","2013",4.2,
"NOR","DOCCONSULT","TOT","CAP","A","2014",4.3,
"NOR","DOCCONSULT","TOT","CAP","A","2015",4.3,
"NOR","DOCCONSULT","TOT","CAP","A","2016",4.4,
"NOR","DOCCONSULT","TOT","CAP","A","2017",4.5,
"NOR","DOCCONSULT","TOT","CAP","A","2018",4.5,
"NOR","DOCCONSULT","TOT","CAP","A","2019",4.4,
"NOR","DOCCONSULT","TOT","CAP","A","2020",3.7,
"NOR","DOCCONSULT","TOT","CAP","A","2021",3.9,"D"
"POL","DOCCONSULT","TOT","CAP","A","1960",3.3,
"POL","DOCCONSULT","TOT","CAP","A","1965",3.7,
"POL","DOCCONSULT","TOT","CAP","A","1966",4,
"POL","DOCCONSULT","TOT","CAP","A","1967",4.1,
"POL","DOCCONSULT","TOT","CAP","A","1968",4.1,
"POL","DOCCONSULT","TOT","CAP","A","1969",4.5,
"POL","DOCCONSULT","TOT","CAP","A","1970",4.9,
"POL","DOCCONSULT","TOT","CAP","A","1971",5.4,
"POL","DOCCONSULT","TOT","CAP","A","1972",5.7,
"POL","DOCCONSULT","TOT","CAP","A","1973",6,
"POL","DOCCONSULT","TOT","CAP","A","1974",6.1,
"POL","DOCCONSULT","TOT","CAP","A","1975",6.2,
"POL","DOCCONSULT","TOT","CAP","A","1976",6.1,
"POL","DOCCONSULT","TOT","CAP","A","1977",6.3,
"POL","DOCCONSULT","TOT","CAP","A","1978",6.4,
"POL","DOCCONSULT","TOT","CAP","A","1979",6.2,
"POL","DOCCONSULT","TOT","CAP","A","1980",6.5,
"POL","DOCCONSULT","TOT","CAP","A","1981",5.9,
"POL","DOCCONSULT","TOT","CAP","A","1982",6,
"POL","DOCCONSULT","TOT","CAP","A","1983",6.1,
"POL","DOCCONSULT","TOT","CAP","A","1984",6.3,
"POL","DOCCONSULT","TOT","CAP","A","1985",6.4,
"POL","DOCCONSULT","TOT","CAP","A","1986",6.4,
"POL","DOCCONSULT","TOT","CAP","A","1987",6.3,
"POL","DOCCONSULT","TOT","CAP","A","1988",6.2,
"POL","DOCCONSULT","TOT","CAP","A","1989",6,
"POL","DOCCONSULT","TOT","CAP","A","1990",5.8,
"POL","DOCCONSULT","TOT","CAP","A","1991",5.8,"B"
"POL","DOCCONSULT","TOT","CAP","A","1992",5.4,
"POL","DOCCONSULT","TOT","CAP","A","1993",5.3,
"POL","DOCCONSULT","TOT","CAP","A","1994",5.4,
"POL","DOCCONSULT","TOT","CAP","A","1995",5.4,
"POL","DOCCONSULT","TOT","CAP","A","1996",5.2,
"POL","DOCCONSULT","TOT","CAP","A","1997",5.3,
"POL","DOCCONSULT","TOT","CAP","A","1998",5.4,"B"
"POL","DOCCONSULT","TOT","CAP","A","1999",5.3,
"POL","DOCCONSULT","TOT","CAP","A","2000",5.4,
"POL","DOCCONSULT","TOT","CAP","A","2001",5.5,
"POL","DOCCONSULT","TOT","CAP","A","2002",5.6,
"POL","DOCCONSULT","TOT","CAP","A","2003",6.1,"B"
"POL","DOCCONSULT","TOT","CAP","A","2004",6.2,
"POL","DOCCONSULT","TOT","CAP","A","2005",6.3,
"POL","DOCCONSULT","TOT","CAP","A","2006",6.6,
"POL","DOCCONSULT","TOT","CAP","A","2007",6.8,
"POL","DOCCONSULT","TOT","CAP","A","2008",6.8,
"POL","DOCCONSULT","TOT","CAP","A","2009",6.8,
"POL","DOCCONSULT","TOT","CAP","A","2010",6.6,
"POL","DOCCONSULT","TOT","CAP","A","2011",6.8,
"POL","DOCCONSULT","TOT","CAP","A","2012",7,
"POL","DOCCONSULT","TOT","CAP","A","2013",7.1,
"POL","DOCCONSULT","TOT","CAP","A","2014",7.2,
"POL","DOCCONSULT","TOT","CAP","A","2015",7.4,
"POL","DOCCONSULT","TOT","CAP","A","2016",7.5,
"POL","DOCCONSULT","TOT","CAP","A","2017",7.6,
"POL","DOCCONSULT","TOT","CAP","A","2018",7.6,
"POL","DOCCONSULT","TOT","CAP","A","2019",7.7,
"POL","DOCCONSULT","TOT","CAP","A","2020",6.8,
"PRT","DOCCONSULT","TOT","CAP","A","1985",2.2,
"PRT","DOCCONSULT","TOT","CAP","A","1986",2.4,
"PRT","DOCCONSULT","TOT","CAP","A","1987",2.4,
"PRT","DOCCONSULT","TOT","CAP","A","1988",2.8,
"PRT","DOCCONSULT","TOT","CAP","A","1989",2.9,
"PRT","DOCCONSULT","TOT","CAP","A","1990",3,
"PRT","DOCCONSULT","TOT","CAP","A","1991",3,
"PRT","DOCCONSULT","TOT","CAP","A","1992",3.1,
"PRT","DOCCONSULT","TOT","CAP","A","1993",3.1,
"PRT","DOCCONSULT","TOT","CAP","A","1994",3.1,
"PRT","DOCCONSULT","TOT","CAP","A","1995",3.2,
"PRT","DOCCONSULT","TOT","CAP","A","1996",3.2,
"PRT","DOCCONSULT","TOT","CAP","A","1997",3.3,
"PRT","DOCCONSULT","TOT","CAP","A","1998",3.4,
"PRT","DOCCONSULT","TOT","CAP","A","1999",3.5,
"PRT","DOCCONSULT","TOT","CAP","A","2000",3.5,
"PRT","DOCCONSULT","TOT","CAP","A","2001",3.6,
"PRT","DOCCONSULT","TOT","CAP","A","2002",3.7,
"PRT","DOCCONSULT","TOT","CAP","A","2003",3.7,
"PRT","DOCCONSULT","TOT","CAP","A","2004",3.8,
"PRT","DOCCONSULT","TOT","CAP","A","2005",3.9,
"PRT","DOCCONSULT","TOT","CAP","A","2006",3.9,
"PRT","DOCCONSULT","TOT","CAP","A","2007",4.1,
"PRT","DOCCONSULT","TOT","CAP","A","2008",4.5,
"PRT","DOCCONSULT","TOT","CAP","A","2009",4,
"PRT","DOCCONSULT","TOT","CAP","A","2010",4.1,
"PRT","DOCCONSULT","TOT","CAP","A","2011",4.2,
"PRT","DOCCONSULT","TOT","CAP","A","2012",4.1,
"SVK","DOCCONSULT","TOT","CAP","A","2007",11.1,
"SVK","DOCCONSULT","TOT","CAP","A","2008",12,
"SVK","DOCCONSULT","TOT","CAP","A","2009",11.5,
"SVK","DOCCONSULT","TOT","CAP","A","2010",11.5,
"SVK","DOCCONSULT","TOT","CAP","A","2011",10.9,
"SVK","DOCCONSULT","TOT","CAP","A","2012",11.1,
"SVK","DOCCONSULT","TOT","CAP","A","2013",11,
"SVK","DOCCONSULT","TOT","CAP","A","2014",11.2,
"SVK","DOCCONSULT","TOT","CAP","A","2015",11.3,
"SVK","DOCCONSULT","TOT","CAP","A","2016",11.4,
"SVK","DOCCONSULT","TOT","CAP","A","2017",10.9,
"SVK","DOCCONSULT","TOT","CAP","A","2018",10.9,
"SVK","DOCCONSULT","TOT","CAP","A","2019",11.1,
"SVK","DOCCONSULT","TOT","CAP","A","2020",10.1,
"ESP","DOCCONSULT","TOT","CAP","A","1987",6.5,
"ESP","DOCCONSULT","TOT","CAP","A","1993",8.3,
"ESP","DOCCONSULT","TOT","CAP","A","1995",7.8,
"ESP","DOCCONSULT","TOT","CAP","A","1997",8.2,
"ESP","DOCCONSULT","TOT","CAP","A","2001",8.7,
"ESP","DOCCONSULT","TOT","CAP","A","2003",9.5,
"ESP","DOCCONSULT","TOT","CAP","A","2006",8.1,
"ESP","DOCCONSULT","TOT","CAP","A","2009",7.5,"B"
"ESP","DOCCONSULT","TOT","CAP","A","2011",7.4,
"ESP","DOCCONSULT","TOT","CAP","A","2014",7.6,
"ESP","DOCCONSULT","TOT","CAP","A","2017",7.3,
"ESP","DOCCONSULT","TOT","CAP","A","2020",5.3,
"CHE","DOCCONSULT","TOT","CAP","A","2002",3.4,
"CHE","DOCCONSULT","TOT","CAP","A","2007",4.1,
"CHE","DOCCONSULT","TOT","CAP","A","2012",3.9,
"CHE","DOCCONSULT","TOT","CAP","A","2017",4.3,
"TUR","DOCCONSULT","TOT","CAP","A","1960",0.7,
"TUR","DOCCONSULT","TOT","CAP","A","1961",0.7,
"TUR","DOCCONSULT","TOT","CAP","A","1962",0.7,
"TUR","DOCCONSULT","TOT","CAP","A","1963",0.7,
"TUR","DOCCONSULT","TOT","CAP","A","1964",0.8,
"TUR","DOCCONSULT","TOT","CAP","A","1965",0.8,
"TUR","DOCCONSULT","TOT","CAP","A","1966",0.8,
"TUR","DOCCONSULT","TOT","CAP","A","1967",0.8,
"TUR","DOCCONSULT","TOT","CAP","A","1968",0.8,
"TUR","DOCCONSULT","TOT","CAP","A","1969",0.8,
"TUR","DOCCONSULT","TOT","CAP","A","1970",0.8,
"TUR","DOCCONSULT","TOT","CAP","A","1971",0.9,
"TUR","DOCCONSULT","TOT","CAP","A","1972",0.9,
"TUR","DOCCONSULT","TOT","CAP","A","1973",0.9,
"TUR","DOCCONSULT","TOT","CAP","A","1974",0.9,
"TUR","DOCCONSULT","TOT","CAP","A","1975",0.9,
"TUR","DOCCONSULT","TOT","CAP","A","1976",0.9,
"TUR","DOCCONSULT","TOT","CAP","A","1977",0.9,
"TUR","DOCCONSULT","TOT","CAP","A","1978",0.9,
"TUR","DOCCONSULT","TOT","CAP","A","1979",1,
"TUR","DOCCONSULT","TOT","CAP","A","1980",1,
"TUR","DOCCONSULT","TOT","CAP","A","1981",1,
"TUR","DOCCONSULT","TOT","CAP","A","1982",1,
"TUR","DOCCONSULT","TOT","CAP","A","1983",1,
"TUR","DOCCONSULT","TOT","CAP","A","1984",1.1,
"TUR","DOCCONSULT","TOT","CAP","A","1985",1.1,
"TUR","DOCCONSULT","TOT","CAP","A","1986",1.1,
"TUR","DOCCONSULT","TOT","CAP","A","1987",1.1,
"TUR","DOCCONSULT","TOT","CAP","A","1988",1.2,
"TUR","DOCCONSULT","TOT","CAP","A","1989",1.3,
"TUR","DOCCONSULT","TOT","CAP","A","1990",1.3,
"TUR","DOCCONSULT","TOT","CAP","A","1991",1.3,
"TUR","DOCCONSULT","TOT","CAP","A","1992",1.3,
"TUR","DOCCONSULT","TOT","CAP","A","1993",1.6,
"TUR","DOCCONSULT","TOT","CAP","A","1994",1.7,
"TUR","DOCCONSULT","TOT","CAP","A","1995",1.8,
"TUR","DOCCONSULT","TOT","CAP","A","1996",2,
"TUR","DOCCONSULT","TOT","CAP","A","1997",2.2,
"TUR","DOCCONSULT","TOT","CAP","A","1998",2.4,
"TUR","DOCCONSULT","TOT","CAP","A","1999",2.6,
"TUR","DOCCONSULT","TOT","CAP","A","2000",2.8,
"TUR","DOCCONSULT","TOT","CAP","A","2001",3,
"TUR","DOCCONSULT","TOT","CAP","A","2002",3.1,
"TUR","DOCCONSULT","TOT","CAP","A","2003",3.4,
"TUR","DOCCONSULT","TOT","CAP","A","2004",3.7,
"TUR","DOCCONSULT","TOT","CAP","A","2005",4.6,
"TUR","DOCCONSULT","TOT","CAP","A","2006",5.3,
"TUR","DOCCONSULT","TOT","CAP","A","2007",6.1,
"TUR","DOCCONSULT","TOT","CAP","A","2008",6.7,
"TUR","DOCCONSULT","TOT","CAP","A","2009",7.3,
"TUR","DOCCONSULT","TOT","CAP","A","2010",7.3,
"TUR","DOCCONSULT","TOT","CAP","A","2011",8.2,
"TUR","DOCCONSULT","TOT","CAP","A","2012",8.2,
"TUR","DOCCONSULT","TOT","CAP","A","2013",8.2,
"TUR","DOCCONSULT","TOT","CAP","A","2014",8.3,
"TUR","DOCCONSULT","TOT","CAP","A","2015",8.4,
"TUR","DOCCONSULT","TOT","CAP","A","2016",8.6,
"TUR","DOCCONSULT","TOT","CAP","A","2017",8.9,
"TUR","DOCCONSULT","TOT","CAP","A","2018",9.5,
"TUR","DOCCONSULT","TOT","CAP","A","2019",9.8,
"TUR","DOCCONSULT","TOT","CAP","A","2020",7.2,
"GBR","DOCCONSULT","TOT","CAP","A","1972",5,
"GBR","DOCCONSULT","TOT","CAP","A","1973",4.5,
"GBR","DOCCONSULT","TOT","CAP","A","1974",4.6,
"GBR","DOCCONSULT","TOT","CAP","A","1975",4.5,
"GBR","DOCCONSULT","TOT","CAP","A","1976",4.3,
"GBR","DOCCONSULT","TOT","CAP","A","1977",4.7,
"GBR","DOCCONSULT","TOT","CAP","A","1978",5,
"GBR","DOCCONSULT","TOT","CAP","A","1979",5,
"GBR","DOCCONSULT","TOT","CAP","A","1980",5.2,
"GBR","DOCCONSULT","TOT","CAP","A","1981",4.8,
"GBR","DOCCONSULT","TOT","CAP","A","1982",5.3,
"GBR","DOCCONSULT","TOT","CAP","A","1983",5.6,
"GBR","DOCCONSULT","TOT","CAP","A","1984",5.1,
"GBR","DOCCONSULT","TOT","CAP","A","1985",5.1,
"GBR","DOCCONSULT","TOT","CAP","A","1986",6.1,
"GBR","DOCCONSULT","TOT","CAP","A","1987",6.6,
"GBR","DOCCONSULT","TOT","CAP","A","1988",5.1,
"GBR","DOCCONSULT","TOT","CAP","A","1989",5.6,
"GBR","DOCCONSULT","TOT","CAP","A","1990",6.1,
"GBR","DOCCONSULT","TOT","CAP","A","1991",5.6,
"GBR","DOCCONSULT","TOT","CAP","A","1992",6.1,
"GBR","DOCCONSULT","TOT","CAP","A","1993",6.6,
"GBR","DOCCONSULT","TOT","CAP","A","1994",6.1,
"GBR","DOCCONSULT","TOT","CAP","A","1995",6.1,
"GBR","DOCCONSULT","TOT","CAP","A","1996",6.1,
"GBR","DOCCONSULT","TOT","CAP","A","1998",5.4,
"GBR","DOCCONSULT","TOT","CAP","A","2000",5.3,
"GBR","DOCCONSULT","TOT","CAP","A","2001",5.1,
"GBR","DOCCONSULT","TOT","CAP","A","2002",5.7,
"GBR","DOCCONSULT","TOT","CAP","A","2003",5.2,
"GBR","DOCCONSULT","TOT","CAP","A","2004",5.3,
"GBR","DOCCONSULT","TOT","CAP","A","2005",5,
"GBR","DOCCONSULT","TOT","CAP","A","2006",5.1,
"GBR","DOCCONSULT","TOT","CAP","A","2007",5,
"GBR","DOCCONSULT","TOT","CAP","A","2008",5.9,
"GBR","DOCCONSULT","TOT","CAP","A","2009",5,
"USA","DOCCONSULT","TOT","CAP","A","1995",3.3,
"USA","DOCCONSULT","TOT","CAP","A","1997",3.7,
"USA","DOCCONSULT","TOT","CAP","A","1998",3.8,
"USA","DOCCONSULT","TOT","CAP","A","1999",3.5,
"USA","DOCCONSULT","TOT","CAP","A","2000",3.7,
"USA","DOCCONSULT","TOT","CAP","A","2001",4.1,
"USA","DOCCONSULT","TOT","CAP","A","2002",4.1,
"USA","DOCCONSULT","TOT","CAP","A","2003",3.9,
"USA","DOCCONSULT","TOT","CAP","A","2004",3.8,
"USA","DOCCONSULT","TOT","CAP","A","2005",4,
"USA","DOCCONSULT","TOT","CAP","A","2006",3.8,
"USA","DOCCONSULT","TOT","CAP","A","2007",4,
"USA","DOCCONSULT","TOT","CAP","A","2008",3.9,
"USA","DOCCONSULT","TOT","CAP","A","2009",4.1,
"USA","DOCCONSULT","TOT","CAP","A","2010",4,
"USA","DOCCONSULT","TOT","CAP","A","2011",4,
"BRA","DOCCONSULT","TOT","CAP","A","1995",2,
"BRA","DOCCONSULT","TOT","CAP","A","1996",2,
"BRA","DOCCONSULT","TOT","CAP","A","1997",2,
"BRA","DOCCONSULT","TOT","CAP","A","1998",1.9,
"BRA","DOCCONSULT","TOT","CAP","A","1999",1.7,
"BRA","DOCCONSULT","TOT","CAP","A","2000",2,
"BRA","DOCCONSULT","TOT","CAP","A","2001",2,
"BRA","DOCCONSULT","TOT","CAP","A","2002",2.1,
"BRA","DOCCONSULT","TOT","CAP","A","2003",2.1,
"BRA","DOCCONSULT","TOT","CAP","A","2004",2,
"BRA","DOCCONSULT","TOT","CAP","A","2005",2.1,
"BRA","DOCCONSULT","TOT","CAP","A","2006",2.2,
"BRA","DOCCONSULT","TOT","CAP","A","2007",2.4,
"BRA","DOCCONSULT","TOT","CAP","A","2008",2.4,
"BRA","DOCCONSULT","TOT","CAP","A","2009",2.5,
"BRA","DOCCONSULT","TOT","CAP","A","2010",2.5,
"BRA","DOCCONSULT","TOT","CAP","A","2011",2.6,
"BRA","DOCCONSULT","TOT","CAP","A","2012",2.5,
"BRA","DOCCONSULT","TOT","CAP","A","2013",2.6,
"BRA","DOCCONSULT","TOT","CAP","A","2014",2.7,
"BRA","DOCCONSULT","TOT","CAP","A","2015",2.6,
"BRA","DOCCONSULT","TOT","CAP","A","2016",2.4,
"BRA","DOCCONSULT","TOT","CAP","A","2017",2.3,
"BRA","DOCCONSULT","TOT","CAP","A","2018",2,
"BRA","DOCCONSULT","TOT","CAP","A","2019",2,
"BRA","DOCCONSULT","TOT","CAP","A","2020",1.4,
"BRA","DOCCONSULT","TOT","CAP","A","2021",1.6,
"CHL","DOCCONSULT","TOT","CAP","A","1999",2.2,
"CHL","DOCCONSULT","TOT","CAP","A","2000",2.4,
"CHL","DOCCONSULT","TOT","CAP","A","2001",2.6,
"CHL","DOCCONSULT","TOT","CAP","A","2002",2.7,
"CHL","DOCCONSULT","TOT","CAP","A","2003",2.8,
"CHL","DOCCONSULT","TOT","CAP","A","2004",2.8,
"CHL","DOCCONSULT","TOT","CAP","A","2005",2.8,
"CHL","DOCCONSULT","TOT","CAP","A","2006",2.9,
"CHL","DOCCONSULT","TOT","CAP","A","2007",2.9,
"CHL","DOCCONSULT","TOT","CAP","A","2008",3,
"CHL","DOCCONSULT","TOT","CAP","A","2009",3.2,
"CHL","DOCCONSULT","TOT","CAP","A","2010",3.3,
"CHL","DOCCONSULT","TOT","CAP","A","2011",3.4,
"CHL","DOCCONSULT","TOT","CAP","A","2012",3.3,
"CHL","DOCCONSULT","TOT","CAP","A","2013",3.5,
"CHL","DOCCONSULT","TOT","CAP","A","2014",3.4,
"CHL","DOCCONSULT","TOT","CAP","A","2015",3.5,
"CHL","DOCCONSULT","TOT","CAP","A","2016",3.6,
"CHL","DOCCONSULT","TOT","CAP","A","2017",3.8,
"CHL","DOCCONSULT","TOT","CAP","A","2018",2.8,"B"
"CHL","DOCCONSULT","TOT","CAP","A","2019",2.9,
"CHL","DOCCONSULT","TOT","CAP","A","2020",2.2,
"EST","DOCCONSULT","TOT","CAP","A","1970",6.2,
"EST","DOCCONSULT","TOT","CAP","A","1971",6.3,
"EST","DOCCONSULT","TOT","CAP","A","1972",6.1,
"EST","DOCCONSULT","TOT","CAP","A","1973",6.5,
"EST","DOCCONSULT","TOT","CAP","A","1974",6.8,
"EST","DOCCONSULT","TOT","CAP","A","1975",7,
"EST","DOCCONSULT","TOT","CAP","A","1976",7.3,
"EST","DOCCONSULT","TOT","CAP","A","1977",7.5,
"EST","DOCCONSULT","TOT","CAP","A","1978",7.6,
"EST","DOCCONSULT","TOT","CAP","A","1979",7.8,
"EST","DOCCONSULT","TOT","CAP","A","1980",8,
"EST","DOCCONSULT","TOT","CAP","A","1981",8.2,
"EST","DOCCONSULT","TOT","CAP","A","1982",8.3,
"EST","DOCCONSULT","TOT","CAP","A","1983",8.7,
"EST","DOCCONSULT","TOT","CAP","A","1984",8.6,
"EST","DOCCONSULT","TOT","CAP","A","1985",8.8,
"EST","DOCCONSULT","TOT","CAP","A","1986",9.1,
"EST","DOCCONSULT","TOT","CAP","A","1987",9,
"EST","DOCCONSULT","TOT","CAP","A","1988",8.5,
"EST","DOCCONSULT","TOT","CAP","A","1989",7.7,"B"
"EST","DOCCONSULT","TOT","CAP","A","1990",7.7,
"EST","DOCCONSULT","TOT","CAP","A","1991",7.2,"B"
"EST","DOCCONSULT","TOT","CAP","A","1992",5.3,
"EST","DOCCONSULT","TOT","CAP","A","1993",5.8,
"EST","DOCCONSULT","TOT","CAP","A","1994",6,
"EST","DOCCONSULT","TOT","CAP","A","1995",6,
"EST","DOCCONSULT","TOT","CAP","A","1996",6.1,
"EST","DOCCONSULT","TOT","CAP","A","1997",6.1,
"EST","DOCCONSULT","TOT","CAP","A","1998",6.3,
"EST","DOCCONSULT","TOT","CAP","A","1999",6.3,
"EST","DOCCONSULT","TOT","CAP","A","2000",6.2,
"EST","DOCCONSULT","TOT","CAP","A","2001",6.1,
"EST","DOCCONSULT","TOT","CAP","A","2002",6,
"EST","DOCCONSULT","TOT","CAP","A","2003",6.1,
"EST","DOCCONSULT","TOT","CAP","A","2004",6.2,
"EST","DOCCONSULT","TOT","CAP","A","2005",6.3,
"EST","DOCCONSULT","TOT","CAP","A","2006",6.4,
"EST","DOCCONSULT","TOT","CAP","A","2007",6.6,
"EST","DOCCONSULT","TOT","CAP","A","2008",6.6,
"EST","DOCCONSULT","TOT","CAP","A","2009",6.3,
"EST","DOCCONSULT","TOT","CAP","A","2010",6.1,
"EST","DOCCONSULT","TOT","CAP","A","2011",6.4,
"EST","DOCCONSULT","TOT","CAP","A","2012",6.3,
"EST","DOCCONSULT","TOT","CAP","A","2013",6.4,
"EST","DOCCONSULT","TOT","CAP","A","2014",6.3,
"EST","DOCCONSULT","TOT","CAP","A","2015",6.4,
"EST","DOCCONSULT","TOT","CAP","A","2016",6.3,
"EST","DOCCONSULT","TOT","CAP","A","2017",5.9,
"EST","DOCCONSULT","TOT","CAP","A","2018",5.6,
"EST","DOCCONSULT","TOT","CAP","A","2019",5.5,
"EST","DOCCONSULT","TOT","CAP","A","2020",4.1,
"ISR","DOCCONSULT","TOT","CAP","A","1996",6.8,
"ISR","DOCCONSULT","TOT","CAP","A","2000",7.1,
"ISR","DOCCONSULT","TOT","CAP","A","2009",6.2,
"ISR","DOCCONSULT","TOT","CAP","A","2015",8.7,"B"
"ISR","DOCCONSULT","TOT","CAP","A","2016",8.5,
"ISR","DOCCONSULT","TOT","CAP","A","2017",8.4,
"ISR","DOCCONSULT","TOT","CAP","A","2018",8.2,
"ISR","DOCCONSULT","TOT","CAP","A","2019",8.1,
"ISR","DOCCONSULT","TOT","CAP","A","2020",6.7,
"ISR","DOCCONSULT","TOT","CAP","A","2021",7.1,
"RUS","DOCCONSULT","TOT","CAP","A","1980",10.1,
"RUS","DOCCONSULT","TOT","CAP","A","1985",11.1,
"RUS","DOCCONSULT","TOT","CAP","A","1987",10.8,
"RUS","DOCCONSULT","TOT","CAP","A","1988",10.4,
"RUS","DOCCONSULT","TOT","CAP","A","1989",9.8,
"RUS","DOCCONSULT","TOT","CAP","A","1990",9.5,
"RUS","DOCCONSULT","TOT","CAP","A","1991",9,
"RUS","DOCCONSULT","TOT","CAP","A","1992",9,
"RUS","DOCCONSULT","TOT","CAP","A","1993",9.2,
"RUS","DOCCONSULT","TOT","CAP","A","1994",9.2,
"RUS","DOCCONSULT","TOT","CAP","A","1995",9.1,
"RUS","DOCCONSULT","TOT","CAP","A","1996",9.1,
"RUS","DOCCONSULT","TOT","CAP","A","1997",9.1,
"RUS","DOCCONSULT","TOT","CAP","A","1998",9.1,
"RUS","DOCCONSULT","TOT","CAP","A","1999",9.3,
"RUS","DOCCONSULT","TOT","CAP","A","2000",9.4,
"RUS","DOCCONSULT","TOT","CAP","A","2001",9.5,
"RUS","DOCCONSULT","TOT","CAP","A","2002",9.6,
"RUS","DOCCONSULT","TOT","CAP","A","2003",9.4,
"RUS","DOCCONSULT","TOT","CAP","A","2004",9,
"RUS","DOCCONSULT","TOT","CAP","A","2005",8.9,
"RUS","DOCCONSULT","TOT","CAP","A","2006",9,
"RUS","DOCCONSULT","TOT","CAP","A","2007",9.2,
"RUS","DOCCONSULT","TOT","CAP","A","2008",10.1,"B"
"RUS","DOCCONSULT","TOT","CAP","A","2009",10.3,
"RUS","DOCCONSULT","TOT","CAP","A","2010",10.1,
"RUS","DOCCONSULT","TOT","CAP","A","2011",10.3,
"RUS","DOCCONSULT","TOT","CAP","A","2012",10.5,
"RUS","DOCCONSULT","TOT","CAP","A","2013",10.5,
"RUS","DOCCONSULT","TOT","CAP","A","2014",10.2,"B"
"RUS","DOCCONSULT","TOT","CAP","A","2015",10,
"RUS","DOCCONSULT","TOT","CAP","A","2016",9.7,
"RUS","DOCCONSULT","TOT","CAP","A","2017",9.7,
"RUS","DOCCONSULT","TOT","CAP","A","2018",9.8,
"RUS","DOCCONSULT","TOT","CAP","A","2019",9.9,
"SVN","DOCCONSULT","TOT","CAP","A","2006",6.6,
"SVN","DOCCONSULT","TOT","CAP","A","2007",6.7,
"SVN","DOCCONSULT","TOT","CAP","A","2008",6.7,
"SVN","DOCCONSULT","TOT","CAP","A","2009",6.6,
"SVN","DOCCONSULT","TOT","CAP","A","2010",6.4,
"SVN","DOCCONSULT","TOT","CAP","A","2011",6.5,
"SVN","DOCCONSULT","TOT","CAP","A","2012",6.3,
"SVN","DOCCONSULT","TOT","CAP","A","2013",6.5,
"SVN","DOCCONSULT","TOT","CAP","A","2014",6.6,
"SVN","DOCCONSULT","TOT","CAP","A","2015",6.8,
"SVN","DOCCONSULT","TOT","CAP","A","2016",6.7,
"SVN","DOCCONSULT","TOT","CAP","A","2017",6.6,
"SVN","DOCCONSULT","TOT","CAP","A","2018",6.6,
"SVN","DOCCONSULT","TOT","CAP","A","2019",6.7,
"SVN","DOCCONSULT","TOT","CAP","A","2020",5.2,
"ZAF","DOCCONSULT","TOT","CAP","A","2000",1.9,
"ZAF","DOCCONSULT","TOT","CAP","A","2001",1.9,
"ZAF","DOCCONSULT","TOT","CAP","A","2002",2,
"ZAF","DOCCONSULT","TOT","CAP","A","2003",2.1,
"ZAF","DOCCONSULT","TOT","CAP","A","2004",2.1,
"ZAF","DOCCONSULT","TOT","CAP","A","2005",2.2,
"ZAF","DOCCONSULT","TOT","CAP","A","2006",2.2,
"ZAF","DOCCONSULT","TOT","CAP","A","2007",2.2,
"ZAF","DOCCONSULT","TOT","CAP","A","2008",2.3,
"ZAF","DOCCONSULT","TOT","CAP","A","2009",2.4,
"ZAF","DOCCONSULT","TOT","CAP","A","2010",2.4,
"ZAF","DOCCONSULT","TOT","CAP","A","2011",2.5,
"ZAF","DOCCONSULT","TOT","CAP","A","2012",2.5,
"SWE","DOCCONSULT","TOT","CAP","A","2001",2.9,
"SWE","DOCCONSULT","TOT","CAP","A","2002",3,
"SWE","DOCCONSULT","TOT","CAP","A","2003",2.8,
"SWE","DOCCONSULT","TOT","CAP","A","2004",2.8,
"SWE","DOCCONSULT","TOT","CAP","A","2005",2.8,
"SWE","DOCCONSULT","TOT","CAP","A","2006",2.8,
"SWE","DOCCONSULT","TOT","CAP","A","2007",2.8,
"SWE","DOCCONSULT","TOT","CAP","A","2008",2.9,
"SWE","DOCCONSULT","TOT","CAP","A","2009",2.9,
"SWE","DOCCONSULT","TOT","CAP","A","2010",2.9,
"SWE","DOCCONSULT","TOT","CAP","A","2011",3,
"SWE","DOCCONSULT","TOT","CAP","A","2012",2.9,
"SWE","DOCCONSULT","TOT","CAP","A","2013",2.9,
"SWE","DOCCONSULT","TOT","CAP","A","2014",2.9,
"SWE","DOCCONSULT","TOT","CAP","A","2015",2.9,
"SWE","DOCCONSULT","TOT","CAP","A","2016",2.8,
"SWE","DOCCONSULT","TOT","CAP","A","2017",2.8,
"SWE","DOCCONSULT","TOT","CAP","A","2018",2.7,
"SWE","DOCCONSULT","TOT","CAP","A","2019",2.6,
"SWE","DOCCONSULT","TOT","CAP","A","2020",2.2,
"COL","DOCCONSULT","TOT","CAP","A","2009",1.2,
"COL","DOCCONSULT","TOT","CAP","A","2010",1.2,
"COL","DOCCONSULT","TOT","CAP","A","2011",1.6,
"COL","DOCCONSULT","TOT","CAP","A","2012",1.9,
"COL","DOCCONSULT","TOT","CAP","A","2013",1.7,
"COL","DOCCONSULT","TOT","CAP","A","2014",2.3,
"COL","DOCCONSULT","TOT","CAP","A","2015",2,
"COL","DOCCONSULT","TOT","CAP","A","2016",1.3,
"COL","DOCCONSULT","TOT","CAP","A","2017",1.9,
"COL","DOCCONSULT","TOT","CAP","A","2018",2.2,
"COL","DOCCONSULT","TOT","CAP","A","2019",2.6,
"LVA","DOCCONSULT","TOT","CAP","A","1980",9.8,
"LVA","DOCCONSULT","TOT","CAP","A","1981",9.8,
"LVA","DOCCONSULT","TOT","CAP","A","1982",10.1,
"LVA","DOCCONSULT","TOT","CAP","A","1983",10.3,
"LVA","DOCCONSULT","TOT","CAP","A","1984",10.4,
"LVA","DOCCONSULT","TOT","CAP","A","1985",10.4,
"LVA","DOCCONSULT","TOT","CAP","A","1986",10.6,
"LVA","DOCCONSULT","TOT","CAP","A","1987",10,
"LVA","DOCCONSULT","TOT","CAP","A","1988",9.4,
"LVA","DOCCONSULT","TOT","CAP","A","1989",8.5,
"LVA","DOCCONSULT","TOT","CAP","A","1990",8.1,
"LVA","DOCCONSULT","TOT","CAP","A","1991",7.4,
"LVA","DOCCONSULT","TOT","CAP","A","1992",6.1,
"LVA","DOCCONSULT","TOT","CAP","A","1993",5.2,
"LVA","DOCCONSULT","TOT","CAP","A","1994",5.1,
"LVA","DOCCONSULT","TOT","CAP","A","1995",4.8,
"LVA","DOCCONSULT","TOT","CAP","A","1996",4.3,
"LVA","DOCCONSULT","TOT","CAP","A","1997",4.5,
"LVA","DOCCONSULT","TOT","CAP","A","1998",4.6,
"LVA","DOCCONSULT","TOT","CAP","A","1999",4.9,
"LVA","DOCCONSULT","TOT","CAP","A","2000",4.8,
"LVA","DOCCONSULT","TOT","CAP","A","2001",4.8,
"LVA","DOCCONSULT","TOT","CAP","A","2002",4.6,
"LVA","DOCCONSULT","TOT","CAP","A","2003",4.8,
"LVA","DOCCONSULT","TOT","CAP","A","2004",5.1,
"LVA","DOCCONSULT","TOT","CAP","A","2005",5.3,
"LVA","DOCCONSULT","TOT","CAP","A","2006",5.6,
"LVA","DOCCONSULT","TOT","CAP","A","2007",6,
"LVA","DOCCONSULT","TOT","CAP","A","2008",6.2,
"LVA","DOCCONSULT","TOT","CAP","A","2009",5.9,
"LVA","DOCCONSULT","TOT","CAP","A","2010",5.9,
"LVA","DOCCONSULT","TOT","CAP","A","2011",6.3,
"LVA","DOCCONSULT","TOT","CAP","A","2012",7,
"LVA","DOCCONSULT","TOT","CAP","A","2013",6.2,
"LVA","DOCCONSULT","TOT","CAP","A","2014",5.8,
"LVA","DOCCONSULT","TOT","CAP","A","2015",5.9,
"LVA","DOCCONSULT","TOT","CAP","A","2016",5.9,
"LVA","DOCCONSULT","TOT","CAP","A","2017",6.1,
"LVA","DOCCONSULT","TOT","CAP","A","2018",6,
"LVA","DOCCONSULT","TOT","CAP","A","2019",6.1,
"LVA","DOCCONSULT","TOT","CAP","A","2020",5.1,
"LTU","DOCCONSULT","TOT","CAP","A","1980",9.1,
"LTU","DOCCONSULT","TOT","CAP","A","1985",13.2,
"LTU","DOCCONSULT","TOT","CAP","A","1986",10.7,
"LTU","DOCCONSULT","TOT","CAP","A","1987",9.9,
"LTU","DOCCONSULT","TOT","CAP","A","1988",9.5,
"LTU","DOCCONSULT","TOT","CAP","A","1989",8.5,
"LTU","DOCCONSULT","TOT","CAP","A","1990",9.6,
"LTU","DOCCONSULT","TOT","CAP","A","1991",9.5,
"LTU","DOCCONSULT","TOT","CAP","A","1992",8.7,
"LTU","DOCCONSULT","TOT","CAP","A","1993",8.2,
"LTU","DOCCONSULT","TOT","CAP","A","1994",7.7,
"LTU","DOCCONSULT","TOT","CAP","A","1995",7.1,
"LTU","DOCCONSULT","TOT","CAP","A","1996",7.1,
"LTU","DOCCONSULT","TOT","CAP","A","1997",7.3,
"LTU","DOCCONSULT","TOT","CAP","A","1998",7,
"LTU","DOCCONSULT","TOT","CAP","A","1999",6.8,
"LTU","DOCCONSULT","TOT","CAP","A","2000",6.4,
"LTU","DOCCONSULT","TOT","CAP","A","2001",6.6,
"LTU","DOCCONSULT","TOT","CAP","A","2002",6.5,
"LTU","DOCCONSULT","TOT","CAP","A","2003",6.6,
"LTU","DOCCONSULT","TOT","CAP","A","2004",6.7,
"LTU","DOCCONSULT","TOT","CAP","A","2005",7,
"LTU","DOCCONSULT","TOT","CAP","A","2006",6.8,
"LTU","DOCCONSULT","TOT","CAP","A","2007",7.2,
"LTU","DOCCONSULT","TOT","CAP","A","2008",7.3,
"LTU","DOCCONSULT","TOT","CAP","A","2009",7.2,
"LTU","DOCCONSULT","TOT","CAP","A","2010",7.3,
"LTU","DOCCONSULT","TOT","CAP","A","2011",7.7,
"LTU","DOCCONSULT","TOT","CAP","A","2012",8,
"LTU","DOCCONSULT","TOT","CAP","A","2013",8.1,
"LTU","DOCCONSULT","TOT","CAP","A","2014",8.6,
"LTU","DOCCONSULT","TOT","CAP","A","2015",8.8,
"LTU","DOCCONSULT","TOT","CAP","A","2016",9.2,
"LTU","DOCCONSULT","TOT","CAP","A","2017",9.5,
"LTU","DOCCONSULT","TOT","CAP","A","2018",9.9,
"LTU","DOCCONSULT","TOT","CAP","A","2019",9.5,
"LTU","DOCCONSULT","TOT","CAP","A","2020",6.3,
"CRI","DOCCONSULT","TOT","CAP","A","1966",1,
"CRI","DOCCONSULT","TOT","CAP","A","1967",1.2,
"CRI","DOCCONSULT","TOT","CAP","A","1968",1.2,
"CRI","DOCCONSULT","TOT","CAP","A","1969",1.3,
"CRI","DOCCONSULT","TOT","CAP","A","1970",1.3,
"CRI","DOCCONSULT","TOT","CAP","A","1971",1.3,
"CRI","DOCCONSULT","TOT","CAP","A","1972",1.5,
"CRI","DOCCONSULT","TOT","CAP","A","1973",1.6,
"CRI","DOCCONSULT","TOT","CAP","A","1974",1.7,
"CRI","DOCCONSULT","TOT","CAP","A","1975",1.8,
"CRI","DOCCONSULT","TOT","CAP","A","1976",2.1,
"CRI","DOCCONSULT","TOT","CAP","A","1977",2.3,
"CRI","DOCCONSULT","TOT","CAP","A","1978",2.4,
"CRI","DOCCONSULT","TOT","CAP","A","1979",2.4,
"CRI","DOCCONSULT","TOT","CAP","A","1980",2.3,
"CRI","DOCCONSULT","TOT","CAP","A","1981",2.3,
"CRI","DOCCONSULT","TOT","CAP","A","1982",2.3,
"CRI","DOCCONSULT","TOT","CAP","A","1983",2.3,
"CRI","DOCCONSULT","TOT","CAP","A","1984",2.3,
"CRI","DOCCONSULT","TOT","CAP","A","1985",2.2,
"CRI","DOCCONSULT","TOT","CAP","A","1986",2.2,
"CRI","DOCCONSULT","TOT","CAP","A","1987",2.2,
"CRI","DOCCONSULT","TOT","CAP","A","1988",2.1,
"CRI","DOCCONSULT","TOT","CAP","A","1989",2,
"CRI","DOCCONSULT","TOT","CAP","A","1990",2,
"CRI","DOCCONSULT","TOT","CAP","A","1991",2,
"CRI","DOCCONSULT","TOT","CAP","A","1992",2,
"CRI","DOCCONSULT","TOT","CAP","A","1993",1.9,
"CRI","DOCCONSULT","TOT","CAP","A","1994",1.9,
"CRI","DOCCONSULT","TOT","CAP","A","1995",2,
"CRI","DOCCONSULT","TOT","CAP","A","1996",2,
"CRI","DOCCONSULT","TOT","CAP","A","1997",2.1,
"CRI","DOCCONSULT","TOT","CAP","A","1998",2.2,
"CRI","DOCCONSULT","TOT","CAP","A","1999",2.2,
"CRI","DOCCONSULT","TOT","CAP","A","2000",2.1,
"CRI","DOCCONSULT","TOT","CAP","A","2001",2.1,
"CRI","DOCCONSULT","TOT","CAP","A","2002",2.2,
"CRI","DOCCONSULT","TOT","CAP","A","2003",2.2,
"CRI","DOCCONSULT","TOT","CAP","A","2004",2.3,
"CRI","DOCCONSULT","TOT","CAP","A","2005",2.3,
"CRI","DOCCONSULT","TOT","CAP","A","2006",2.3,
"CRI","DOCCONSULT","TOT","CAP","A","2007",2.2,
"CRI","DOCCONSULT","TOT","CAP","A","2008",2.3,
"CRI","DOCCONSULT","TOT","CAP","A","2009",2.3,
"CRI","DOCCONSULT","TOT","CAP","A","2010",2.3,
"CRI","DOCCONSULT","TOT","CAP","A","2011",2.3,
"CRI","DOCCONSULT","TOT","CAP","A","2012",2.4,
"CRI","DOCCONSULT","TOT","CAP","A","2013",2.4,
"CRI","DOCCONSULT","TOT","CAP","A","2014",2.3,
"CRI","DOCCONSULT","TOT","CAP","A","2015",2.3,
"CRI","DOCCONSULT","TOT","CAP","A","2016",2.2,
"CRI","DOCCONSULT","TOT","CAP","A","2017",2.2,
"CRI","DOCCONSULT","TOT","CAP","A","2018",2.2,
"CRI","DOCCONSULT","TOT","CAP","A","2019",2.3,
"CRI","DOCCONSULT","TOT","CAP","A","2020",1.9,
